Model,File,Parameters,Mean_Error_m,Median_Error_m,Std_Error_m,Min_Error_m,Max_Error_m,Accuracy_50cm,Accuracy_1m,Accuracy_2m,Accuracy_3m,Accuracy_5m,Test_Samples
Multi-Scale CNN,best_multiscalecnn.h5,105762,1.9777994688594407,1.787470390234768,1.1803899260752269,0.012350517123995836,4.189377146952022,16.54013015184382,22.1529284164859,52.76572668112798,78.1182212581345,100.0,3688
Residual CNN,best_residualcnn.h5,178530,2.180251094054902,2.160423783297089,0.8456096047672661,0.2776271999137444,4.792181318259224,0.5422993492407809,5.965292841648591,40.455531453362255,85.57483731019524,100.0,3688
Hybrid CNN,best_hybridcnn.h5,106562,2.0894872124472714,2.3408417502335315,0.9933651286214142,0.15521585622474054,4.533928973461042,5.504338394793926,22.722342733188718,40.3470715835141,82.61930585683297,100.0,3688
Basic CNN,best_basiccnn.h5,23650,2.2594033789053842,2.730292156924646,1.2017924189139821,0.012437528689674869,4.335001976541906,18.329718004338392,19.414316702819956,40.37418655097614,59.35466377440347,100.0,3688
